{
  "ABI": { "name": "Abidjan, CI", "region": "africa" },
  "ACC": { "name": "Accra, GH", "region": "africa" },
  "ADD": { "name": "Addis Ababa, ET", "region": "africa" },
  "ALG": { "name": "Algiers, DZ", "region": "africa" },
  "ANN": { "name": "Annaba, DZ", "region": "africa" },
  "ANT": { "name": "Antananarivo, MG", "region": "africa" },
  "CAI": { "name": "Cairo, EG", "region": "africa" },
  "CAP": { "name": "Cape Town, ZA", "region": "africa" },
  "CAS": { "name": "Casablanca, MA", "region": "africa" },
  "DAK": { "name": "Dakar, SN", "region": "africa" },
  "DAR": { "name": "Dar Es Salaam, TZ", "region": "africa" },
  "DJI": { "name": "Djibouti, DJ", "region": "africa" },
  "DUR": { "name": "Durban, ZA", "region": "africa" },
  "ENT": { "name": "Entebbe, UG", "region": "africa" },
  "GAB": { "name": "Gaborone, BW", "region": "africa" },
  "HAR": { "name": "Harare, ZW", "region": "africa" },
  "JOH": { "name": "Johannesburg, ZA", "region": "africa" },
  "KIG": { "name": "Kigali, RW", "region": "africa" },
  "KI2": { "name": "Kinshasa, CD", "region": "africa" },
  "LAG": { "name": "Lagos, NG", "region": "africa" },
  "LUA": { "name": "Luanda, AO", "region": "africa" },
  "LUS": { "name": "Lusaka, ZM", "region": "africa" },
  "MAP": { "name": "Maputo, MZ", "region": "africa" },
  "MOM": { "name": "Mombasa, KE", "region": "africa" },
  "NAI": { "name": "Nairobi, KE", "region": "africa" },
  "ORA": { "name": "Oran, DZ", "region": "africa" },
  "OUA": { "name": "Ouagadougou, BF", "region": "africa" },
  "POR": { "name": "Port Louis, MU", "region": "africa" },
  "SAI": { "name": "Saint-Denis, RE", "region": "africa" },
  "TUN": { "name": "Tunis, TN", "region": "africa" },
  "YAM": { "name": "Yamoussoukro, CI", "region": "africa" },
  "AMD": { "name": "Ahmedabad, IN", "region": "asia" },
  "ALA": { "name": "Almaty, KZ", "region": "asia" },
  "AST": { "name": "Astara, AZ", "region": "asia" },
  "BAK": { "name": "Baku, AZ", "region": "asia" },
  "BWN": { "name": "Bandar Seri Begawan, BN", "region": "asia" },
  "BKK": { "name": "Bangkok, TH", "region": "asia" },
  "BHY": { "name": "Beihai, CN", "region": "asia" },
  "PEK": { "name": "Beijing, CN", "region": "asia" },
  "BLR": { "name": "Bengaluru, IN", "region": "asia" },
  "BBI": { "name": "Bhubaneshwar, IN", "region": "asia" },
  "CYZ": { "name": "Cagayan, PH", "region": "asia" },
  "CEB": { "name": "Cebu, PH", "region": "asia" },
  "IXC": { "name": "Chandigarh, IN", "region": "asia" },
  "CGD": { "name": "Changde, CN", "region": "asia" },
  "CSX": { "name": "Changsha, CN", "region": "asia" },
  "CZX": { "name": "Changzhou, CN", "region": "asia" },
  "CMI": { "name": "Chengmai, CN", "region": "asia" },
  "MAA": { "name": "Chennai, IN", "region": "asia" },
  "CNX": { "name": "Chiang Mai, TH", "region": "asia" },
  "CGP": { "name": "Chittagong, BD", "region": "asia" },
  "CKG": { "name": "Chongqing, CN", "region": "asia" },
  "CMB": { "name": "Colombo, LK", "region": "asia" },
  "DAD": { "name": "Da Nang, VN", "region": "asia" },
  "DLC": { "name": "Dalian, CN", "region": "asia" },
  "DPS": { "name": "Denpasar, ID", "region": "asia" },
  "DAC": { "name": "Dhaka, BD", "region": "asia" },
  "FOS": { "name": "Foshan, CN", "region": "asia" },
  "FUK": { "name": "Fukuoka, JP", "region": "asia" },
  "FOC": { "name": "Fuzhou, CN", "region": "asia" },
  "CAN": { "name": "Guangzhou, CN", "region": "asia" },
  "KWE": { "name": "Guiyang, CN", "region": "asia" },
  "HAK": { "name": "Haikou, CN", "region": "asia" },
  "HAN": { "name": "Hanoi, VN", "region": "asia" },
  "HSV": { "name": "Hengshui, CN", "region": "asia" },
  "SGN": { "name": "Ho Chi Minh City, VN", "region": "asia" },
  "HKG": { "name": "Hong Kong", "region": "asia" },
  "HFE": { "name": "Huainan, CN", "region": "asia" },
  "HYD": { "name": "Hyderabad, IN", "region": "asia" },
  "ISB": { "name": "Islamabad, PK", "region": "asia" },
  "CGK": { "name": "Jakarta, ID", "region": "asia" },
  "JSR": { "name": "Jashore, BD", "region": "asia" },
  "TNA": { "name": "Jinan, CN", "region": "asia" },
  "JHB": { "name": "Johor Bahru, MY", "region": "asia" },
  "CNN": { "name": "Kannur, IN", "region": "asia" },
  "KNU": { "name": "Kanpur, IN", "region": "asia" },
  "KHH": { "name": "Kaohsiung City, TW", "region": "asia" },
  "KHI": { "name": "Karachi, PK", "region": "asia" },
  "KTM": { "name": "Kathmandu, NP", "region": "asia" },
  "COK": { "name": "Kochi, IN", "region": "asia" },
  "CCU": { "name": "Kolkata, IN", "region": "asia" },
  "KUL": { "name": "Kuala Lumpur, MY", "region": "asia" },
  "KMG": { "name": "Kunming, CN", "region": "asia" },
  "LHE": { "name": "Lahore, PK", "region": "asia" },
  "LF": { "name": "Langfang, CN", "region": "asia" },
  "LHW": { "name": "Lanzhou, CN", "region": "asia" },
  "MFM": { "name": "Macau", "region": "asia" },
  "MLE": { "name": "Male, MV", "region": "asia" },
  "MDL": { "name": "Mandalay, MM", "region": "asia" },
  "MNL": { "name": "Manila, PH", "region": "asia" },
  "BOM": { "name": "Mumbai, IN", "region": "asia" },
  "NAG": { "name": "Nagpur, IN", "region": "asia" },
  "OKA": { "name": "Naha, JP", "region": "asia" },
  "KHN": { "name": "Nanchang, CN", "region": "asia" },
  "NAS": { "name": "Nasiriyah, IQ", "region": "asia" },
  "DEL": { "name": "New Delhi, IN", "region": "asia" },
  "KIX": { "name": "Osaka, JP", "region": "asia" },
  "PAT": { "name": "Patna, IN", "region": "asia" },
  "PNH": { "name": "Phnom Penh, KH", "region": "asia" },
  "TAO": { "name": "Qingdao, CN", "region": "asia" },
  "KCH": { "name": "Sarawak, MY", "region": "asia" },
  "ICN": { "name": "Seoul, KR", "region": "asia" },
  "PVG": { "name": "Shanghai, CN", "region": "asia" },
  "SXH": { "name": "Shaoxing, CN", "region": "asia" },
  "SZX": { "name": "Shenzhen, CN", "region": "asia" },
  "SIN": { "name": "Singapore, SG", "region": "asia" },
  "URT": { "name": "Surat Thani, TH", "region": "asia" },
  "TPE": { "name": "Taipei", "region": "asia" },
  "TYZ": { "name": "Taizhou, CN", "region": "asia" },
  "TAC": { "name": "Tarlac City, PH", "region": "asia" },
  "TAS": { "name": "Tashkent, UZ", "region": "asia" },
  "TBS": { "name": "Tbilisi, GE", "region": "asia" },
  "PBH": { "name": "Thimphu, BT", "region": "asia" },
  "TSN": { "name": "Tianjin, CN", "region": "asia" },
  "NRT": { "name": "Tokyo, JP", "region": "asia" },
  "ULN": { "name": "Ulaanbaatar, MN", "region": "asia" },
  "VTE": { "name": "Vientiane, LA", "region": "asia" },
  "WHU": { "name": "Wuhu, CN", "region": "asia" },
  "XIY": { "name": "Xianyang, CN", "region": "asia" },
  "RGN": { "name": "Yangon, MM", "region": "asia" },
  "YQ": { "name": "Yangquan, CN", "region": "asia" },
  "EVN": { "name": "Yerevan, AM", "region": "asia" },
  "JOG": { "name": "Yogyakarta, ID", "region": "asia" },
  "CGO": { "name": "Zhengzhou, CN", "region": "asia" },
  "ZSN": { "name": "Zhongshan, CN", "region": "asia" },
  "ZBO": { "name": "Zibo, CN", "region": "asia" },
  "AMS": { "name": "Amsterdam, NL", "region": "europe" },
  "ATH": { "name": "Athens, GR", "region": "europe" },
  "BCN": { "name": "Barcelona, ES", "region": "europe" },
  "BEG": { "name": "Belgrade, RS", "region": "europe" },
  "TXL": { "name": "Berlin, DE", "region": "europe" },
  "BOD": { "name": "Bordeaux, FR", "region": "europe" },
  "BTS": { "name": "Bratislava, SK", "region": "europe" },
  "BRU": { "name": "Brussels, BE", "region": "europe" },
  "OTP": { "name": "Bucharest, RO", "region": "europe" },
  "BUD": { "name": "Budapest, HU", "region": "europe" },
  "CPH": { "name": "Copenhagen, DK", "region": "europe" },
  "ORK": { "name": "Cork, IE", "region": "europe" },
  "DUB": { "name": "Dublin, IE", "region": "europe" },
  "DUS": { "name": "Düsseldorf, DE", "region": "europe" },
  "EDI": { "name": "Edinburgh, GB", "region": "europe" },
  "SVX": { "name": "Ekaterinburg, RU", "region": "europe" },
  "FRA": { "name": "Frankfurt, DE", "region": "europe" },
  "GVA": { "name": "Geneva, CH", "region": "europe" },
  "GOT": { "name": "Gothenburg, SE", "region": "europe" },
  "HAM": { "name": "Hamburg, DE", "region": "europe" },
  "HEL": { "name": "Helsinki, FI", "region": "europe" },
  "IST": { "name": "Istanbul, TR", "region": "europe" },
  "ADB": { "name": "Izmir, TR", "region": "europe" },
  "KHV": { "name": "Khabarovsk, RU", "region": "europe" },
  "KJA": { "name": "Krasnoyarsk, RU", "region": "europe" },
  "KBP": { "name": "Kyiv, UA", "region": "europe" },
  "LIS": { "name": "Lisbon, PT", "region": "europe" },
  "LHR": { "name": "London, GB", "region": "europe" },
  "LUX": { "name": "Luxembourg City, LU", "region": "europe" },
  "LYS": { "name": "Lyon, FR", "region": "europe" },
  "MAD": { "name": "Madrid, ES", "region": "europe" },
  "MAN": { "name": "Manchester, GB", "region": "europe" },
  "MRS": { "name": "Marseille, FR", "region": "europe" },
  "MXP": { "name": "Milan, IT", "region": "europe" },
  "MSQ": { "name": "Minsk, BY", "region": "europe" },
  "SVO": { "name": "Moscow, RU", "region": "europe" },
  "MUC": { "name": "Munich, DE", "region": "europe" },
  "NIC": { "name": "Nicosia, CY", "region": "europe" },
  "OSL": { "name": "Oslo, NO", "region": "europe" },
  "PMO": { "name": "Palermo, IT", "region": "europe" },
  "CDG": { "name": "Paris, FR", "region": "europe" },
  "PRG": { "name": "Prague, CZ", "region": "europe" },
  "KEF": { "name": "Reykjavík, IS", "region": "europe" },
  "RIX": { "name": "Riga, LV", "region": "europe" },
  "FCO": { "name": "Rome, IT", "region": "europe" },
  "SKP": { "name": "Skopje, MK", "region": "europe" },
  "SOF": { "name": "Sofia, BG", "region": "europe" },
  "LED": { "name": "St. Petersburg, RU", "region": "europe" },
  "ARN": { "name": "Stockholm, SE", "region": "europe" },
  "STR": { "name": "Stuttgart, DE", "region": "europe" },
  "TLL": { "name": "Tallinn, EE", "region": "europe" },
  "SKG": { "name": "Thessaloniki, GR", "region": "europe" },
  "TIA": { "name": "Tirana, AL", "region": "europe" },
  "TVE": { "name": "Tver, RU", "region": "europe" },
  "VIE": { "name": "Vienna, AT", "region": "europe" },
  "VNO": { "name": "Vilnius, LT", "region": "europe" },
  "WAW": { "name": "Warsaw, PL", "region": "europe" },
  "ZAG": { "name": "Zagreb, HR", "region": "europe" },
  "ZUR": { "name": "Zürich, CH", "region": "europe" },
  "AMM": { "name": "Amman, JO", "region": "middle-east" },
  "BAG": { "name": "Baghdad, IQ", "region": "middle-east" },
  "BAS": { "name": "Basra, IQ", "region": "middle-east" },
  "BEI": { "name": "Beirut, LB", "region": "middle-east" },
  "DAM": { "name": "Dammam, SA", "region": "middle-east" },
  "DOH": { "name": "Doha, QA", "region": "middle-east" },
  "DU2": { "name": "Dubai, AE", "region": "middle-east" },
  "ERB": { "name": "Erbil, IQ", "region": "middle-east" },
  "HAI": { "name": "Haifa, IL", "region": "middle-east" },
  "JED": { "name": "Jeddah, SA", "region": "middle-east" },
  "KUW": { "name": "Kuwait City, KW", "region": "middle-east" },
  "MA2": { "name": "Manama, BH", "region": "middle-east" },
  "MUS": { "name": "Muscat, OM", "region": "middle-east" },
  "NAJ": { "name": "Najaf, IQ", "region": "middle-east" },
  "ABQ": { "name": "Albuquerque, US", "region": "north-america" },
  "ANC": { "name": "Anchorage, US", "region": "north-america" },
  "IAD": { "name": "Ashburn, US", "region": "north-america" },
  "ATL": { "name": "Atlanta, US", "region": "north-america" },
  "AUS": { "name": "Austin, US", "region": "north-america" },
  "BGR": { "name": "Bangor, US", "region": "north-america" },
  "BOS": { "name": "Boston, US", "region": "north-america" },
  "BUF": { "name": "Buffalo, US", "region": "north-america" },
  "YYC": { "name": "Calgary, CA", "region": "north-america" },
  "CLT": { "name": "Charlotte, US", "region": "north-america" },
  "ORD": { "name": "Chicago, US", "region": "north-america" },
  "CLE": { "name": "Cleveland, US", "region": "north-america" },
  "CMH": { "name": "Columbus, US", "region": "north-america" },
  "DFW": { "name": "Dallas, US", "region": "north-america" },
  "DEN": { "name": "Denver, US", "region": "north-america" },
  "DTW": { "name": "Detroit, US", "region": "north-america" },
  "GDL": { "name": "Guadalajara, MX", "region": "north-america" },
  "YHZ": { "name": "Halifax, CA", "region": "north-america" },
  "HNL": { "name": "Honolulu, US", "region": "north-america" },
  "IAH": { "name": "Houston, US", "region": "north-america" },
  "IND": { "name": "Indianapolis, US", "region": "north-america" },
  "JAX": { "name": "Jacksonville, US", "region": "north-america" },
  "MKC": { "name": "Kansas City, US", "region": "north-america" },
  "LAS": { "name": "Las Vegas, US", "region": "north-america" },
  "LAX": { "name": "Los Angeles, US", "region": "north-america" },
  "MFE": { "name": "McAllen, US", "region": "north-america" },
  "MEM": { "name": "Memphis, US", "region": "north-america" },
  "MEX": { "name": "Mexico City, MX", "region": "north-america" },
  "MIA": { "name": "Miami, US", "region": "north-america" },
  "MSP": { "name": "Minneapolis, US", "region": "north-america" },
  "MGM": { "name": "Montgomery, US", "region": "north-america" },
  "YUL": { "name": "Montréal, CA", "region": "north-america" },
  "BNA": { "name": "Nashville, US", "region": "north-america" },
  "EWR": { "name": "Newark, US", "region": "north-america" },
  "ORF": { "name": "Norfolk, US", "region": "north-america" },
  "OKC": { "name": "Oklahoma City, US", "region": "north-america" },
  "OMA": { "name": "Omaha, US", "region": "north-america" },
  "YOW": { "name": "Ottawa, CA", "region": "north-america" },
  "PHL": { "name": "Philadelphia, US", "region": "north-america" },
  "PHX": { "name": "Phoenix, US", "region": "north-america" },
  "PIT": { "name": "Pittsburgh, US", "region": "north-america" },
  "PDX": { "name": "Portland, US", "region": "north-america" },
  "QRO": { "name": "Queretaro, MX", "region": "north-america" },
  "RDU": { "name": "Raleigh, US", "region": "north-america" },
  "RIC": { "name": "Richmond, US", "region": "north-america" },
  "SMF": { "name": "Sacramento, US", "region": "north-america" },
  "SLC": { "name": "Salt Lake City, US", "region": "north-america" },
  "SAT": { "name": "San Antonio, US", "region": "north-america" },
  "SAN": { "name": "San Diego, US", "region": "north-america" },
  "SFO": { "name": "San Francisco, US", "region": "north-america" },
  "SJC": { "name": "San Jose, US", "region": "north-america" },
  "YXE": { "name": "Saskatoon, CA", "region": "north-america" },
  "SEA": { "name": "Seattle, US", "region": "north-america" },
  "FSD": { "name": "Sioux Falls, US", "region": "north-america" },
  "STL": { "name": "St. Louis, US", "region": "north-america" },
  "TLH": { "name": "Tallahassee, US", "region": "north-america" },
  "TPA": { "name": "Tampa, US", "region": "north-america" },
  "YYZ": { "name": "Toronto, CA", "region": "north-america" },
  "YVR": { "name": "Vancouver, CA", "region": "north-america" },
  "YWG": { "name": "Winnipeg, CA", "region": "north-america" },
  "ADL": { "name": "Adelaide, AU", "region": "oceania" },
  "AKL": { "name": "Auckland, NZ", "region": "oceania" },
  "BNE": { "name": "Brisbane, AU", "region": "oceania" },
  "CBR": { "name": "Canberra, AU", "region": "oceania" },
  "CHC": { "name": "Christchurch, NZ", "region": "oceania" },
  "GUM": { "name": "Guam, GU", "region": "oceania" },
  "HBA": { "name": "Hobart, AU", "region": "oceania" },
  "MEL": { "name": "Melbourne, AU", "region": "oceania" },
  "NOU": { "name": "Nouméa, NC", "region": "oceania" },
  "PER": { "name": "Perth, AU", "region": "oceania" },
  "SUV": { "name": "Suva, FJ", "region": "oceania" },
  "SYD": { "name": "Sydney, AU", "region": "oceania" },
  "PPT": { "name": "Tahiti, PF", "region": "oceania" },
  "RIY": { "name": "Riyadh, SA", "region": "ramallah" },
  "SUL": { "name": "Sulaymaniyah, IQ", "region": "ramallah" },
  "TEL": { "name": "Tel Aviv, IL", "region": "ramallah" },
  "AME": { "name": "Americana, BR", "region": "south-america" },
  "ARU": { "name": "Aracatuba, BR", "region": "south-america" },
  "ARI": { "name": "Arica, CL", "region": "south-america" },
  "ASU": { "name": "Asuncion, PY", "region": "south-america" },
  "BAQ": { "name": "Barranquilla, CO", "region": "south-america" },
  "CNF": { "name": "Belo Horizonte, BR", "region": "south-america" },
  "BEL": { "name": "Belém, BR", "region": "south-america" },
  "BNU": { "name": "Blumenau, BR", "region": "south-america" },
  "BOG": { "name": "Bogota, CO", "region": "south-america" },
  "BSB": { "name": "Brasília, BR", "region": "south-america" },
  "BGI": { "name": "Bridgetown, BB", "region": "south-america" },
  "EZE": { "name": "Buenos Aires, AR", "region": "south-america" },
  "VCP": { "name": "Campinas, BR", "region": "south-america" },
  "CAW": { "name": "Campos dos Goytacazes, BR", "region": "south-america" },
  "CFC": { "name": "Caçador, BR", "region": "south-america" },
  "XAP": { "name": "Chapeco, BR", "region": "south-america" },
  "CCP": { "name": "Concepción, CL", "region": "south-america" },
  "COR": { "name": "Cordoba, AR", "region": "south-america" },
  "CGB": { "name": "Cuiabá, BR", "region": "south-america" },
  "CWB": { "name": "Curitiba, BR", "region": "south-america" },
  "FLN": { "name": "Florianópolis, BR", "region": "south-america" },
  "FOR": { "name": "Fortaleza, BR", "region": "south-america" },
  "GEO": { "name": "Georgetown, GY", "region": "south-america" },
  "GYN": { "name": "Goiânia, BR", "region": "south-america" },
  "GUA": { "name": "Guatemala City, GT", "region": "south-america" },
  "GYE": { "name": "Guayaquil, EC", "region": "south-america" },
  "ITJ": { "name": "Itajaí, BR", "region": "south-america" },
  "JOI": { "name": "Joinville, BR", "region": "south-america" },
  "JDO": { "name": "Juazeiro do Norte, BR", "region": "south-america" },
  "KIN": { "name": "Kingston, JM", "region": "south-america" },
  "LLM": { "name": "La Lima, HN", "region": "south-america" },
  "LPB": { "name": "La Paz, BO", "region": "south-america" },
  "LIM": { "name": "Lima, PE", "region": "south-america" },
  "MAO": { "name": "Manaus, BR", "region": "south-america" },
  "MDE": { "name": "Medellín, CO", "region": "south-america" },
  "NQN": { "name": "Neuquen, AR", "region": "south-america" },
  "PMW": { "name": "Palmas, BR", "region": "south-america" },
  "PTY": { "name": "Panama City, PA", "region": "south-america" },
  "PBM": { "name": "Paramaribo, SR", "region": "south-america" },
  "POS": { "name": "Port of Spain, TT", "region": "south-america" },
  "POA": { "name": "Porto Alegre, BR", "region": "south-america" },
  "UIO": { "name": "Quito, EC", "region": "south-america" },
  "REC": { "name": "Recife, BR", "region": "south-america" },
  "RAO": { "name": "Ribeirão Preto, BR", "region": "south-america" },
  "GIG": { "name": "Rio de Janeiro, BR", "region": "south-america" },
  "SSA": { "name": "Salvador, BR", "region": "south-america" },
  "SJO": { "name": "San José, CR", "region": "south-america" },
  "SJU": { "name": "San Juan, PR", "region": "south-america" },
  "STI": { "name": "Santiago de los Caballeros, DO", "region": "south-america" },
  "SCL": { "name": "Santiago, CL", "region": "south-america" },
  "SDQ": { "name": "Santo Domingo, DO", "region": "south-america" },
  "SOD": { "name": "Sorocaba, BR", "region": "south-america" },
  "GND": { "name": "St. George's, GD", "region": "south-america" },
  "SJP": { "name": "São José do Rio Preto, BR", "region": "south-america" },
  "SJK": { "name": "São José dos Campos, BR", "region": "south-america" },
  "GRU": { "name": "São Paulo, BR", "region": "south-america" },
  "TGU": { "name": "Tegucigalpa, HN", "region": "south-america" },
  "TIM": { "name": "Timbo, BR", "region": "south-america" },
  "UDI": { "name": "Uberlândia, BR", "region": "south-america" },
  "VAP": { "name": "Valparaíso, CL", "region": "south-america" },
  "VIX": { "name": "Vitoria, BR", "region": "south-america" },
  "CUR": { "name": "Willemstad, CW", "region": "south-america" }
}
